{
  "ev": [
    380.84,
    412.02478851189386,
    445.23744179310773,
    480.8485143876404,
    518.2395722614363,
    550.9754960283344,
    589.880370903366,
    625.626281220666,
    664.3693245823898,
    696.6081740452522,
    732.7022122015278,
    771.8014784514597,
    810.3346594860553,
    846.44935814993,
    881.4515793162695,
    918.3815176986711,
    956.2082050584586,
    992.8076884331199,
    1030.2125454527875,
    1065.1472799602368,
    1098.4727947324388,
    1131.987479966721,
    1169.1209848888973,
    1199.1271606597747,
    1237.6493418933776,
    1273.7469385104937,
    1313.5531677694205,
    1352.1230430843852,
    1386.8123154631626,
    1423.710864087005,
    1454.5275203195022,
    1488.82238696713,
    1519.602014318439,
    1552.2545742601137,
    1582.408363618385,
    1622.1851601204664,
    1653.1946477402362,
    1683.4404769097534,
    1718.418658872549,
    1757.3316948993786,
    1793.7383465564733,
    1833.1612291821634,
    1869.2073105042182,
    1903.3277192245678,
    1935.2556643349496,
    1972.9737458575478
  ],
  "countPerSec": [
    300.10401163047595,
    292.9438428447642,
    301.1423510977655,
    295.355254110676,
    303.6588162512671,
    299.19872785215773,
    299.33887025126904,
    293.9750087729617,
    299.5020869186875,
    292.8876639977878,
    304.7549323765474,
    294.1599659461627,
    304.7742670310278,
    299.0515505694894,
    297.82613952785147,
    293.64705975771085,
    294.8759809960772,
    302.90355341035456,
    297.0169713641433,
    298.4645975221774,
    300.8519578974797,
    292.9235336682434,
    293.8577832486331,
    300.46624081774866,
    293.0163239107767,
    296.09085533606026,
    298.0975596847899,
    297.9390847014321,
    303.9541757194934,
    297.7263731315868,
    298.17081586906886,
    297.77120947183806,
    293.7752194907093,
    300.37976934920965,
    296.2115305854933,
    297.10976173391595,
    298.11339824183585,
    303.798068263628,
    295.26529420668857,
    293.0954789727981,
    303.10284767970467,
    295.70262219730546,
    299.91942859331067,
    301.04691216413374,
    293.2508752686891,
    293.4264307077496
  ]
}