{
  "ev": [
    380.84,
    411.9565525207833,
    448.344054644548,
    483.72086427876553,
    518.7459726601994,
    554.3274045369981,
    587.7697517127386,
    618.3899784015528,
    655.7187360612543,
    693.515173404403,
    728.2497661289957,
    761.1454178615364,
    798.7221072371643,
    838.5198987516189,
    874.9239237927179,
    910.5083789397888,
    946.71825993979,
    985.0145663515702,
    1020.5699894929847,
    1058.62175049962,
    1098.1148658131076,
    1136.2735409115228,
    1171.0466516210574,
    1209.8477408446129,
    1243.3609962050468,
    1283.0466109884833,
    1318.2980794039918,
    1348.4633425634113,
    1380.785540497927,
    1412.2427319777255,
    1448.6994835642627,
    1487.6254605851934,
    1523.5826924549021,
    1560.0456042792566,
    1599.7440528905056,
    1635.6019844263105,
    1668.0426533142577,
    1701.0365941288053,
    1733.8003987288587,
    1772.4098670066965,
    1803.952123523475,
    1837.2991888406416,
    1870.15621540143,
    1906.7163553330495,
    1943.7983756480219,
    1976.573168470191,
    2012.0582457218768
  ],
  "countPerSec": [
    158.1726613068547,
    138.6376547296521,
    167.02396041665588,
    180.80777679560316,
    180.4085525727494,
    182.58509464043095,
    183.767962629375,
    145.99550845772686,
    135.18072950664083,
    165.2000021185388,
    149.0573951302326,
    166.47900023301528,
    168.6059655963869,
    144.8865842529144,
    165.46870938386513,
    136.92141758787895,
    168.08555513783725,
    169.41291676192233,
    147.54497226600023,
    171.92820835383128,
    175.14033630223858,
    146.35457140877068,
    163.01617725534737,
    134.51699195272582,
    173.21776107047296,
    154.86318097539984,
    181.81559847546006,
    150.53206234008132,
    166.07062353174493,
    176.92105701633565,
    153.31927798358305,
    172.5170424103771,
    159.68405567533836,
    146.48510010304466,
    177.6892694034902,
    140.0090211662273,
    152.63152791337612,
    178.43772156224617,
    178.26577682954502,
    171.77657997765897,
    169.75446079421192,
    175.769694764139,
    148.0641666060798,
    151.9361289228302,
    151.9952967733096,
    181.79017211786447,
    150.90501923791928
  ]
}